{
	"w" : 1920,
	"h" : 1080,
	"scale" : 0.4,

	"mpeg_intrinsic" : false,

	"z_near" : 65.0,
	"z_far" : 200.0,

	"LL_K" : [
		[1067.283382700553, 0, 994.5175381744735],
		[0, 1066.771036898009, 543.5858529229344],
		[0, 0, 1]
	],

	"LL_Rt" : [
		[0.08167186930727009, -0.9735681643659132, -0.2132949485971074, 117.6051710909371],
		[0.93090146594979, 0.001931839463247459, -0.3652652853595869, -1.512450746888424],
		[0.3560227049731357, -0.2283884789771032, 0.9061382544701097, 493.5967753196826],
		[0.0, 0.0, 0.0, 1.0]
	],

	"L_K" : [
		[1067.491827069925, 0, 983.8196063663055],
		[0, 1067.461727258704, 545.8766529392178],
		[0, 0, 1]
	],

	"L_Rt" : [
		[0.07585632115976837, -0.9762644174460899, -0.2028635151247079, 122.8014708647924],
		[0.9314804382484101, 0.003214748197198997, -0.3637772100538712, -102.51864349562],
		[0.3557949011729311, -0.2165581968494268, 0.9091273484373181, 491.1456913317525],
		[0.0, 0.0, 0.0, 1.0]
	],

	"R_K" : [
		[1065.716492788818, 0, 984.6783868103782],
		[0, 1065.737942107036, 544.423993002186],
		[0, 0, 1]
	],

	"R_Rt" : [
		[0.07607256463971084, -0.9760896937318675, -0.2036218915037528, 122.2965473795098],
		[0.9318591935441967, 0.003059733534146611, -0.3628072235194046, -103.87887849126],
		[0.3547554204184853, -0.2173466075675649, 0.9093453930507234, 490.4181009189614],
		[0.0, 0.0, 0.0, 1.0]
	]
}
