{
	"w" : 762,
	"h" : 1538,
	"scale" : 0.5,

	"mpeg_intrinsic" : false,

	"z_near" : 65.0,
	"z_far" : 200.0,


	"L_Rt" : [
		[0.9609815106337929, 0.009695608625790265, 0.2764426367139646, -86.59064050546704],
		[-0.008386123047325137, 0.9999499893609758, -0.005449010664276803, -229.4998467214961],
		[-0.5621029209997613, -0.0003419805820290491, 0.8270672217255485, 725.0811985738292],
		[0.0, 0.0, 0.0, 1.0]
	],

	"L_K" : [
		[1085.680384628621, 0, 510.4254586972024],
		[0, 1095.689894446634, 942.1385635971775],
		[0, 0, 1]
	],

	"R_Rt" : [
		[0.8396800948083663, 0.01006452189293554, 0.5429880696494903, -47.9788937370522],
		[-0.008386123047325137, 0.9999499893609758, -0.005449010664276803, -229.5039943924923],
		[-0.281518517375656, 0.0001309148428061853, 0.9595557864115647, 592.1728160030482],
		[0.0, 0.0, 0.0, 1.0]
	],

	"R_K" : [
		[1085.680384628621, 0, 510.4254586972024],
		[0, 1095.689894446634, 942.1385635971775],
		[0, 0, 1]
	]
}
