{
	"w" : 450,
	"h" : 800,
	"scale" : 1.0,

	"L_K" : [
		[444.788, 0.000, 409.925],
		[0.000, 444.776, 227.449],
		[0.0, 0.0, 1.0]
	],

	"L_Rt" : [
		[-0.07585632115976837, -0.9762644174460899, -0.2028635151247079, 122.8014708647924],
		[0.9314804382484101, 0.003214748197198997, -0.3637772100538712, -102.518643495621],
		[0.3557949011729311, -0.2165581968494268, 0.9091273484373181, 491.1456913317525],
		[0.0, 0.0, 0.0, 1.0]
	],

	"R_K" : [
		[443.501, 0.000, 410.293],
		[0.000, 443.500, 226.441],
		[0.0, 0.0, 1.0]
	],

	"R_Rt" : [
		[-0.07608797551504556, -0.9760058917813155, -0.2040174482493621, 122.2183344969939],
		[0.93226774449002, 0.002940961978832452, -0.3617571054259056, -105.4807763508142],
		[0.3536770738477582, -0.2177242520960822, 0.9096750394969015, 489.9247240939522],
		[0.0, 0.0, 0.0, 1.0]
	]
}
