{
	"w" : 1728,
	"h" : 972,
	"scale" : 0.45,

	"mpeg_intrinsic" : false,

	"z_near" : 1000.0,
	"z_far" : 2000.0,
	"inv_z" : false,

	"L_Rt" : [
		[0.9999578406862817, 0.002826122922804773, 0.008736697273803482, 19.86541873408907],
		[-0.004227885230367944, 0.9863089746365638, 0.1648536670439851, 12.4037693481792],
		[-0.008151186202493745, -0.1648836546798846, 0.9862793410504435, 482.9228162339019],
		[0.0, 0.0, 0.0, 1.0]
	],

	"L_K" : [
		[1067.353533664703, 0, 968.0036729344571],
		[0, 1066.418565304411, 523.9028816999351],
		[0, 0, 1]
	],

	"R_Rt" : [
		[0.9999578406862817, 0.002826122922804773, 0.008736697273803482, -56.13458126591092],
		[-0.004227885230367944, 0.9863089746365638, 0.1648536670439851, 12.40376934817918],
		[-0.008151186202493745, -0.1648836546798846, 0.9862793410504435, 482.9228162339019],
		[0.0, 0.0, 0.0, 1.0]
	],

	"R_K" : [
		[1067.353533664703, 0, 968.0036729344571],
		[0, 1066.418565304411, 523.9028816999351],
		[0, 0, 1]
	]
}
