{
	"w" : 1920,
	"h" : 1080,
	"scale" : 0.4,

	"mpeg_intrinsic" : false,

	"z_near" : 65.0,
	"z_far" : 200.0,


	"L_Rt" : [
		[0.8270175882350153, 0.01073072138705254, 0.5620736253983566, -51.16745796562316],
		[-0.009067246190257379, 0.9999423656730396, -0.005748945879923976, -229.958430535357],
		[-0.5621029209997613, -0.0003419805820290491, 0.8270672217255485, 749.1042721798067],
		[0.0, 0.0, 0.0, 1.0]
	],

	"L_K" : [
		[1085.680384628621, 0, 510.4254586972024],
		[0, 1095.689894446634, 942.1385635971775],
		[0, 0, 1]
	],

	"R_Rt" : [
		[0.9595169536461883, 0.009035963125085618, 0.2815058916540482, -75.4605920898547],
		[-0.008633657402922526, 0.9999591662821568, -0.002669405953191665, -228.8255349724982],
		[-0.281518517375656, 0.0001309148428061853, 0.9595557864115647, 618.6915117968185],
		[0.0, 0.0, 0.0, 1.0]
	],

	"R_K" : [
		[1085.680384628621, 0, 510.4254586972024],
		[0, 1095.689894446634, 942.1385635971775],
		[0, 0, 1]
	]
}
