{
	"w" : 1920,
	"h" : 1080,
	"scale" : 0.4,

	"mpeg_intrinsic" : false,

	"z_near" : 65.0,
	"z_far" : 200.0,


	"L_Rt" : [
		[0.9999684781788317, 0.003015660607149046, 0.007344960164203804, 19.18685759658811],
		[-0.00417961917810526, 0.98644878562254, 0.1640162312923386, 11.99439559256442],
		[-0.006750809746783422, -0.1640417603383919, 0.9864302952732363, 482.96059235174],
		[0.0, 0.0, 0.0, 1.0]
	],

	"L_K" : [
		[1063.757140962719, 0, 969.8403874291494],
		[0, 1063.973477549711, 525.1615101500681],
		[0, 0, 1]
	],

	"R_Rt" : [
		[0.9999376124056625, 0.003316607968639298, 0.01066636808128105, -57.0937603698675],
		[-0.005015299448522185, 0.9865453225066272, 0.1634110565773827, 12.12817367430847],
		[-0.009980885126313498, -0.1634543567846305, 0.9865004080993672, 482.8235603597476],
		[0.0, 0.0, 0.0, 1.0]
	],

	"R_K" : [
		[1058.678729344659, 0, 967.3387667799797],
		[0, 1059.655114097063, 526.6650731373707],
		[0, 0, 1]
	]
}
