{
	"w" : 1920,
	"h" : 1080,
	"scale" : 0.4,

	"mpeg_intrinsic" : true,

	"z_near" : 15.0,
	"z_far" : 100.0,


	"L_K" : [
		[1731.85376113043, 0.0, 944.822805215136],	
		[0.0, 1730.24517434202, 522.207352177576],
		[0.0, 0.0, 1.0]
	],

	"L_Rt" : [
		[0.466974, -0.484961, 0.739424, -33.5013],
		[-0.763243, -0.643311, 0.060092, -4.4025],
		[0.446537, -0.592422, -0.670552, -6.01074],
		[0.0, 0.0, 0.0, 1.0]
	],

	"L2_K" : [
		[1723.8134067272, 0.0, 936.344650108864],
		[0.0, 1719.26423703022, 551.010888516276],
		[0.0, 0.0, 1.0]
	],

	"L2_Rt" : [
		[0.718809, -0.639157, 0.273482, -23.1495],
		[-0.687062, -0.713153, 0.139132, -14.451],
		[0.106107, -0.287909, -0.951761, 2.86124],
		[0.0, 0.0, 0.0, 1.0]
	],

	"R_K" : [
		[1722.8316258687, 0.0, 926.94073638952],
		[0.0, 1718.63529498081, 574.483137794656],
		[0.0, 0.0, 1.0]
	],

	"R_Rt" : [
		[0.774569, -0.626296, -0.0882909, -14.8498],
		[-0.609419, -0.776367, 0.160821, -21.6006],
		[-0.169268, -0.070761, -0.983027, 3.81494],
		[0.0, 0.0, 0.0, 1.0]
	]
}
